n,beta,iter
10,1.415665816101094,1
100,1.7286857285575339,1
1000,1.0714985492634628,1
10,1.4219268795850066,2
100,0.6355730378259351,2
1000,0.8127555878640156,2
10,2.682576193014377,3
100,0.7075270688297426,3
1000,1.3597190962746035,3
10,0.99858471449392,4
100,1.5351107370255714,4
1000,1.2613077606837049,4
10,0.5161507053808408,5
100,0.7184721248505793,5
1000,1.1949819219501554,5
10,0.0018131571416662206,6
100,1.6307981713304076,6
1000,0.8656655194711519,6
10,1.8576909030299738,7
100,1.3931408266478857,7
1000,0.9977394303575717,7
10,3.2139186994100135,8
100,2.398580426012576,8
1000,0.9320398363741186,8
10,1.8559437216560952,9
100,1.597956710623985,9
1000,0.9258781582818049,9
10,1.2390067391118518,10
100,1.4102608096800733,10
1000,1.0968764515323888,10
10,1.1243219682038876,11
100,0.7397927691854289,11
1000,0.9254602116273531,11
10,2.8509774176899048,12
100,0.694839059677856,12
1000,1.175463804628194,12
10,2.3153629955915997,13
100,2.148102745522776,13
1000,0.9723301887074685,13
10,0.8414946635141823,14
100,0.2562853281931738,14
1000,1.5476303717952555,14
10,1.0761628830765841,15
100,0.09455298818816313,15
1000,1.1200818396320134,15
10,0.9513850388934068,16
100,-0.26490121567956704,16
1000,1.071718165878592,16
10,0.08909524540372271,17
100,1.0841694803559283,17
1000,0.9158519697294815,17
10,0.10842005196507477,18
100,1.5906709401150834,18
1000,0.9604129390206898,18
10,0.8728033389407739,19
100,1.2645869917070347,19
1000,1.3562036450541535,19
10,0.5901704311224903,20
100,0.9300549827610614,20
1000,1.0269284150433517,20
10,3.058357402749647,21
100,1.2648037125362814,21
1000,0.6483947463085749,21
10,3.7202020229755033,22
100,-0.2517725069700014,22
1000,0.7967820599816857,22
10,0.7289278956398716,23
100,1.0475753749085144,23
1000,0.9328773360226114,23
10,4.611127155421367,24
100,0.544752720059765,24
1000,0.8614379452475955,24
10,1.8636358718647352,25
100,1.5276358309922833,25
1000,1.1281570755895325,25
10,1.950072101341693,26
100,1.6602190243632926,26
1000,1.2673594541347235,26
10,-0.24823513582132653,27
100,0.9779035944330843,27
1000,0.8583647152157144,27
10,-0.5062118486263579,28
100,0.8673332510534543,28
1000,1.444524172127745,28
10,-0.06621657175073406,29
100,2.1627638970679897,29
1000,1.0343035084219392,29
10,2.693040345197609,30
100,1.3755341911894987,30
1000,0.8873077220201179,30
10,2.0118084120159585,31
100,1.4570555894059958,31
1000,0.8753592549764676,31
10,0.6068714993255134,32
100,1.2062472193449068,32
1000,0.9539804535204162,32
10,-0.9402611998736714,33
100,-0.05767591181979194,33
1000,0.9269904195362119,33
10,2.0404694592808315,34
100,1.159643905033495,34
1000,1.1901819527511837,34
10,0.3385380208809421,35
100,1.2233589847435593,35
1000,0.8027534126377894,35
10,0.2991433633497643,36
100,1.9979099017829685,36
1000,1.0780870254030994,36
10,1.6437567869514829,37
100,1.370337766612349,37
1000,1.1429286957555862,37
10,-0.0853669633812603,38
100,0.8371102398890958,38
1000,1.1252679778667478,38
10,1.1672982648463996,39
100,2.148345146786618,39
1000,0.9361582829528332,39
10,0.29970730914109917,40
100,1.4518677181937218,40
1000,1.0669220853558807,40
10,0.9971702065629672,41
100,1.3247922237444785,41
1000,1.064434755953939,41
10,0.9623963357887241,42
100,1.1040700187926455,42
1000,0.6851620794177189,42
10,-0.13177445803571997,43
100,0.3152841234050791,43
1000,0.8819834985815245,43
10,-0.6465319718083988,44
100,0.9894279124004409,44
1000,1.205431145121123,44
10,2.047783689854866,45
100,1.026278792070866,45
1000,1.2235610039684908,45
10,1.4469541889567126,46
100,2.2641582174562247,46
1000,0.7318431779881909,46
10,0.7930045737952506,47
100,0.28347078134085113,47
1000,0.7677289541346228,47
10,3.214113742882897,48
100,0.864368263368149,48
1000,1.4730067580830388,48
10,1.7809815875690893,49
100,1.7241686265778045,49
1000,0.5596248202469316,49
10,0.7550574022505108,50
100,-0.8269895664600465,50
1000,1.0442742034635366,50
10,-0.48063234011632233,51
100,1.2252704718902725,51
1000,0.8980729102674954,51
10,2.367764940133056,52
100,0.4284694816783758,52
1000,1.1960121914795383,52
10,2.43445992053818,53
100,1.082132514950799,53
1000,1.0578016275581306,53
10,-0.2792552170561651,54
100,0.9771460398407876,54
1000,0.9060402042940141,54
10,0.828905903652536,55
100,1.763167312636811,55
1000,1.0349015327684592,55
10,1.8043157066104136,56
100,1.3549605307964296,56
1000,0.8104579698127505,56
10,1.5973888207986078,57
100,0.50456667019284,57
1000,0.8147248139459572,57
10,1.914291885998619,58
100,0.8651728983389839,58
1000,1.1844032625913348,58
10,3.4932375343201314,59
100,0.7962749850404155,59
1000,0.8815886142504066,59
10,-0.38457014662049954,60
100,0.9053664484615416,60
1000,1.0192165478301158,60
10,1.6492599510373565,61
100,0.2673750748851405,61
1000,1.4154955426229434,61
10,1.305209529506257,62
100,0.3353502199952822,62
1000,1.3798399700811117,62
10,0.7123970166907044,63
100,0.9366145930657309,63
1000,0.7143182136241738,63
10,-0.5363876450946155,64
100,0.7382663251097945,64
1000,0.5692438113183795,64
10,2.373513878087986,65
100,1.143818696891257,65
1000,0.9990484642263322,65
10,0.9632060776847796,66
100,0.3602679830688207,66
1000,0.9965573312064887,66
10,1.1052902526785806,67
100,1.451459062658794,67
1000,0.9903589836268328,67
10,9.315842917848748,68
100,0.39414234483046934,68
1000,1.2267264198324268,68
10,0.23813988090171018,69
100,0.22770523140998922,69
1000,1.2129115755744408,69
10,1.26163087467234,70
100,0.04368375769382685,70
1000,1.0086079936405292,70
10,0.3002311648991316,71
100,0.5813725839743886,71
1000,1.1750168681393027,71
10,1.2934111023721282,72
100,2.2004525551836633,72
1000,1.3895107386195842,72
10,2.8855252377285168,73
100,1.8591968115889483,73
1000,0.6536609532265774,73
10,0.6882043889535101,74
100,0.28964544615118304,74
1000,1.1906330902005664,74
10,-0.31750234865799426,75
100,0.4433886804641509,75
1000,1.1747462627509697,75
10,0.04592996763885156,76
100,1.2577110982974677,76
1000,1.0832035755108946,76
10,6.423770375058779,77
100,1.1093757352650835,77
1000,0.8690325863980947,77
10,2.80702408231079,78
100,1.073320121147042,78
1000,0.9287039137737827,78
10,0.5148369079467997,79
100,1.3538427603332381,79
1000,1.0968605593712786,79
10,3.0562410079985725,80
100,1.4120369983375953,80
1000,0.9605161908281069,80
10,0.7173277979108958,81
100,0.9095552957284249,81
1000,0.9882946342425966,81
10,1.2192121558045894,82
100,0.05866650535367567,82
1000,1.0222058701732897,82
10,1.5391187455105535,83
100,0.9031264721486655,83
1000,0.7815430033621081,83
10,2.9355844094975754,84
100,-0.05117598984867263,84
1000,0.9132202127331315,84
10,-0.8965164169658928,85
100,1.1419271850282537,85
1000,1.2126690955248156,85
10,4.002170310286927,86
100,0.6361177734758231,86
1000,1.1631061278839876,86
10,-0.2656720943515861,87
100,1.2757514094078999,87
1000,0.7456803653182966,87
10,0.9630486307454453,88
100,0.6891906880375438,88
1000,1.037892759794612,88
10,1.3535479397301216,89
100,0.1289926533943378,89
1000,1.074819224171028,89
10,-0.9046831723631514,90
100,0.7107549741643078,90
1000,1.305377454018938,90
10,1.6149137566252698,91
100,1.0083795773156685,91
1000,0.6735781619268141,91
10,0.26517241560348503,92
100,1.8636106588130705,92
1000,0.9487150517196384,92
10,1.5293542506739846,93
100,1.1705582523639506,93
1000,1.1176118478537513,93
10,-0.340253071622852,94
100,-0.499709927035281,94
1000,0.9279488247113679,94
10,0.25933705546299884,95
100,1.1379517448429548,95
1000,0.994349483035524,95
10,0.1782026286615113,96
100,2.0331038515355018,96
1000,1.5233938087223582,96
10,0.908612768427247,97
100,0.07633933441779968,97
1000,1.0924248097801175,97
10,-0.5875843063542234,98
100,1.2924082509846,98
1000,0.909625335933833,98
10,2.3379769479687487,99
100,0.9635645587072057,99
1000,1.103946803869209,99
10,-2.72936937404961,100
100,1.1210990494402786,100
1000,0.47766400296755457,100
10,-0.6048947479451584,101
100,0.8309179836603349,101
1000,1.1480102866872683,101
10,0.6379112669601239,102
100,1.550147952734033,102
1000,1.1748212368928193,102
10,0.0691682803848218,103
100,1.7438131486803818,103
1000,0.9348012119007998,103
10,0.7432089512348898,104
100,1.20858186028633,104
1000,0.5831655237708574,104
10,1.7063678914271725,105
100,1.3962432465700882,105
1000,1.0494033917113597,105
10,3.101444395978444,106
100,1.0064977716590942,106
1000,0.9634981283718437,106
10,1.2752532544006778,107
100,2.06687456685392,107
1000,1.0044725762402213,107
10,-1.7659857421506355,108
100,0.8172307425654711,108
1000,1.0336331244213997,108
10,0.779718738816471,109
100,1.9627028153598383,109
1000,0.7664575474624119,109
10,6.024148595578301,110
100,3.981096929641414,110
1000,0.9627631385316306,110
10,0.4695180913427565,111
100,0.3357884100014699,111
1000,1.0743343276890907,111
10,1.7266459924045705,112
100,1.1458940035625182,112
1000,0.76916755842716,112
10,0.05109822014545439,113
100,1.2470248119146485,113
1000,1.1412978514532204,113
10,-0.9844141887003127,114
100,0.5280649138296362,114
1000,0.94845709028562,114
10,2.9355707551572423,115
100,1.1858035222475882,115
1000,0.6924355445618859,115
10,1.5743023864558334,116
100,1.2292650959966123,116
1000,0.7211098140865386,116
10,2.7738100228407445,117
100,1.416926446830049,117
1000,0.7398056876791349,117
10,2.942479654881068,118
100,1.7697276698939972,118
1000,0.6656130856665005,118
10,0.795487028507711,119
100,1.0518875472740454,119
1000,0.9056247852418503,119
10,-0.4943254741750838,120
100,1.2386817731544857,120
1000,0.7506977668418188,120
10,3.789898603803485,121
100,1.3401731684425002,121
1000,1.199685461669616,121
10,-0.1126391860849081,122
100,0.33366743884060895,122
1000,0.8969445761429531,122
10,10.966300774468841,123
100,1.4486063288365347,123
1000,1.2966016222072854,123
10,1.2266927246217882,124
100,0.6410964043588385,124
1000,1.2693066233934354,124
10,1.3248494785620792,125
100,1.547234703249671,125
1000,0.994527252983442,125
10,1.7075873868649956,126
100,0.7683885601999197,126
1000,0.980908566603303,126
10,1.6364326045951627,127
100,1.7777731999610906,127
1000,0.908661428274181,127
10,0.3615512347330397,128
100,1.0941220080240677,128
1000,0.9942349456853872,128
10,-3.464503585085039,129
100,0.9910391753222476,129
1000,1.4609089235036044,129
10,-1.145907457589432,130
100,1.2170397389496084,130
1000,1.2020308156427035,130
10,2.839541248171401,131
100,2.016302444170431,131
1000,0.9368877896396822,131
10,1.0299329568401356,132
100,0.8997423428592203,132
1000,0.8381312400619959,132
10,1.2538441039287749,133
100,1.3093520784696688,133
1000,0.8279981974763777,133
10,0.08789391388016916,134
100,0.40479307042510687,134
1000,0.9283184334458072,134
10,0.25962125514436474,135
100,0.860149838280898,135
1000,1.0250319167643835,135
10,1.4773033426659339,136
100,0.593360055566307,136
1000,0.7149664378153572,136
10,0.09450055378747244,137
100,0.8360666726367334,137
1000,1.1290089696846606,137
10,-0.27159177889470587,138
100,0.779799856613833,138
1000,0.7172658460832488,138
10,-0.3705458775144105,139
100,0.9138277750375021,139
1000,0.901617946733339,139
10,1.0441422673249623,140
100,1.1043457346822265,140
1000,1.2056284783615294,140
10,3.1785662835027297,141
100,-0.26628663911403333,141
1000,1.1232203502791667,141
10,2.3214663227917955,142
100,1.7689395435630928,142
1000,1.1209526290211949,142
10,1.9565659192207396,143
100,1.4830170689961646,143
1000,1.050007459426898,143
10,0.2597096210917304,144
100,1.5955026122738019,144
1000,1.1659431502437385,144
10,2.0355505588696743,145
100,1.0069502222071547,145
1000,0.9793329092964226,145
10,2.1876201341694066,146
100,0.03246303007994347,146
1000,1.0984159490540062,146
10,0.48308438903150763,147
100,1.2090306401880602,147
1000,1.1411765659634363,147
10,1.1842195956304369,148
100,0.8129221867906077,148
1000,1.0301175806144125,148
10,0.9109136587550147,149
100,0.4094685979228227,149
1000,0.8738398271616432,149
10,0.45024886552219584,150
100,1.4764997859882971,150
1000,1.0252004593179336,150
10,0.4099878040704644,151
100,0.2506481991750081,151
1000,0.8992418704380639,151
10,1.863642277754443,152
100,0.7867014767291913,152
1000,1.3788865187446453,152
10,-0.6024114300120231,153
100,1.0314107507678654,153
1000,1.3312513643909665,153
10,1.5547632798399358,154
100,0.12764111519196691,154
1000,1.0162268135541104,154
10,1.8305493204764058,155
100,2.141140166372459,155
1000,1.0546118317077986,155
10,1.5433094380030519,156
100,0.8439576483501557,156
1000,0.6204014770631997,156
10,1.4789208796583315,157
100,1.391618638597961,157
1000,0.9788811680881466,157
10,0.846572518381651,158
100,0.6257754970351624,158
1000,0.8370616726858051,158
10,7.811735984005707,159
100,0.7770105336216483,159
1000,1.1694686694812695,159
10,-3.348439986047986,160
100,0.6269766021753719,160
1000,0.8721386094887191,160
10,4.107540646635011,161
100,0.4907858738808621,161
1000,1.3213833559628254,161
10,0.9184173848092467,162
100,1.8243585274617915,162
1000,0.69953973509445,162
10,0.7429771269395973,163
100,1.4430792193737696,163
1000,0.6870586770652037,163
10,0.9021396755304049,164
100,1.2315194051048546,164
1000,1.0780131025659176,164
10,1.1841053166816318,165
100,-0.08434224792974829,165
1000,0.7893476400321549,165
10,1.0707185648720916,166
100,3.0532308198570806,166
1000,0.8581340395086361,166
10,-0.2496181519510039,167
100,1.5150679749713645,167
1000,1.0584029439986316,167
10,1.6126767347991164,168
100,1.5913909973274687,168
1000,0.8737689218592609,168
10,-1.196984963101836,169
100,1.2525649193904875,169
1000,1.1014677617757074,169
10,-0.7933882012631067,170
100,1.2312164682197018,170
1000,0.9240355469554415,170
10,1.843350659800584,171
100,1.0451141642376298,171
1000,0.7613970332017239,171
10,0.9392447077199904,172
100,1.5665908894487146,172
1000,0.8180344196619241,172
10,1.3831379093142193,173
100,1.2519347041157036,173
1000,0.9368422705562166,173
10,2.1816515196695874,174
100,0.9768086922220381,174
1000,1.0146021053313965,174
10,2.845804502813601,175
100,1.4720149006582999,175
1000,1.1053029652522965,175
10,0.8748414889762481,176
100,1.1446105718067041,176
1000,0.9488712777090195,176
10,1.8114286866104172,177
100,1.219583136501366,177
1000,0.8755974945328848,177
10,-0.29709581285243436,178
100,0.7351705384928717,178
1000,1.0988938340731786,178
10,0.6942300154623665,179
100,1.4359667356977939,179
1000,1.1445601186924133,179
10,1.7906958057728837,180
100,1.010478662104,180
1000,0.5775045110778545,180
10,-1.4802958089978349,181
100,0.7648898177568034,181
1000,1.1152696209575368,181
10,0.4221271331419589,182
100,0.17638119718416567,182
1000,0.9496253256371877,182
10,0.7753030435628752,183
100,0.45081453089613827,183
1000,1.2943987372164285,183
10,2.645627966609916,184
100,0.17291468684479475,184
1000,1.1443284677497285,184
10,0.9459046396272759,185
100,1.0002125296391948,185
1000,0.8240390166145134,185
10,1.3421969129483764,186
100,0.5322685893085245,186
1000,0.9555191219716632,186
10,2.480792788688901,187
100,1.8449873250955702,187
1000,0.8912276535860121,187
10,-0.27177867033379516,188
100,1.2308932157802546,188
1000,0.9256423945570813,188
10,1.4941944113867736,189
100,1.4419169802807625,189
1000,1.3439066834937368,189
10,1.8760770264014741,190
100,1.0889750323691056,190
1000,1.0077343035831847,190
10,0.08014150602285822,191
100,2.3546571217857997,191
1000,0.7912472691792445,191
10,2.6109331770131345,192
100,0.5754152294052137,192
1000,1.1541721432261514,192
10,-1.3778723076584554,193
100,0.48469644494799513,193
1000,0.8451321449259344,193
10,0.34827514772809837,194
100,1.1944228874500564,194
1000,1.0330079217719272,194
10,1.6039645281395645,195
100,1.5456335147128781,195
1000,1.1895491195960826,195
10,1.9823865764252842,196
100,1.1696075946288842,196
1000,0.9115004791957388,196
10,2.21751838975842,197
100,1.7658161275315492,197
1000,1.0155698306027798,197
10,-0.28018998582637233,198
100,1.236865102567236,198
1000,0.6909721372750296,198
10,1.1493872131175098,199
100,0.3478844132963129,199
1000,0.9694919381420803,199
10,-0.47970396442838276,200
100,0.7634001391830976,200
1000,1.2487897387328026,200
10,4.225953106285865,201
100,1.0730000640941295,201
1000,1.1691231654606067,201
10,2.6842742710099525,202
100,0.9829343064681559,202
1000,1.1928885028956004,202
10,0.9487721703057836,203
100,0.5597061238799497,203
1000,0.5719493639764208,203
10,2.0706854231761493,204
100,0.6377986104406391,204
1000,0.4699947662922516,204
10,0.07753479660437945,205
100,1.2667743512335556,205
1000,0.7162846981029466,205
10,0.6549501937087231,206
100,-0.40683327744850795,206
1000,1.3748413358894496,206
10,1.9118108713699788,207
100,0.7626315900652647,207
1000,1.1021041578517985,207
10,2.061913866012812,208
100,0.8985197915243412,208
1000,1.078624555851343,208
10,0.21680886342643524,209
100,2.287775557215176,209
1000,0.7950107203359423,209
10,0.6096625861820829,210
100,0.3510855239233795,210
1000,0.9680338139060058,210
10,2.0995820994704166,211
100,-0.047057122130017955,211
1000,1.0832011440191052,211
10,2.076922886581272,212
100,1.7298391579567087,212
1000,0.6819986464009206,212
10,1.6414501553217533,213
100,0.7126469523035137,213
1000,0.6628883547022816,213
10,0.2790587612206843,214
100,0.7678832680694466,214
1000,1.0505060749518937,214
10,1.3994702802643526,215
100,-0.11190193966412684,215
1000,0.9207050501207481,215
10,-0.33449069551684046,216
100,1.0036554624732554,216
1000,1.2697917039814515,216
10,0.5387374060250494,217
100,0.5526607117930444,217
1000,1.0321941381616326,217
10,0.8001149632653698,218
100,1.112679436775731,218
1000,1.0155306373295097,218
10,2.8321264025772686,219
100,-0.10498471482727235,219
1000,0.6727256144539557,219
10,-4.5206920975449885,220
100,1.186952475189148,220
1000,1.1214444622003497,220
10,-0.04899013236364376,221
100,0.47523239463909767,221
1000,0.7672612324151417,221
10,0.126644464827123,222
100,0.9335835036026204,222
1000,1.1642791119664524,222
10,1.053153333780293,223
100,0.7914956584415651,223
1000,0.6049376718695237,223
10,-0.22467324502728464,224
100,0.6737719155635241,224
1000,1.0423571086761831,224
10,1.6284730685368218,225
100,-0.2550080294231221,225
1000,0.8935333911463508,225
10,0.7191563647572715,226
100,-0.3927435379715069,226
1000,0.9783211886813831,226
10,0.5085845804652361,227
100,0.6783110483361539,227
1000,1.03989878144628,227
10,0.9815987587598493,228
100,2.2561662375849045,228
1000,1.3151019615001123,228
10,1.4137482801113004,229
100,1.247908508625737,229
1000,0.9431033647610699,229
10,0.4590820734729643,230
100,1.2337819055872854,230
1000,1.4844693133281135,230
10,0.6111556457444353,231
100,0.7525766221239715,231
1000,1.1315902861269977,231
10,-0.2594643951131624,232
100,0.7352060543589258,232
1000,0.7926617984440985,232
10,1.125467971714957,233
100,0.7468339356369519,233
1000,0.6439607616646666,233
10,1.636815749025406,234
100,1.0218519034400118,234
1000,1.2563420310896753,234
10,-2.366285306897546,235
100,0.7102029913047833,235
1000,1.063631723489051,235
10,1.240328127887966,236
100,1.1179016599338625,236
1000,0.87490075887149,236
10,0.5355337354206735,237
100,1.1835862332375893,237
1000,1.132777918565119,237
10,3.8888342462634946,238
100,1.2092660789086611,238
1000,1.0656432051701497,238
10,0.5232632292543259,239
100,1.4961050810529057,239
1000,0.8552895537439674,239
10,0.7014558741117913,240
100,0.9391034125282988,240
1000,1.2376472977000823,240
10,2.6918469868266945,241
100,0.9422509089483562,241
1000,0.9013944983961273,241
10,-0.47427905545669663,242
100,1.2911279572511543,242
1000,1.0896765934666468,242
10,2.396715980000227,243
100,0.9115170292627999,243
1000,1.1820388598439067,243
10,0.5899098400729152,244
100,1.1759036830144773,244
1000,1.2252570379797616,244
10,0.5116459944484605,245
100,0.8807017237046768,245
1000,1.126810451307649,245
10,1.0514765967705006,246
100,1.0835517328364186,246
1000,1.1156370491521415,246
10,1.5177320444059654,247
100,1.934317306582864,247
1000,1.0141219062108762,247
10,0.6318234503221309,248
100,0.8449049952951316,248
1000,0.831639306888364,248
10,3.654870651508418,249
100,-0.47268652336528033,249
1000,0.8858913330063299,249
10,1.1648812225837282,250
100,-0.8654515389083215,250
1000,0.9897484028962052,250
10,0.5004895177284854,251
100,1.7486143047505533,251
1000,1.0967138386056734,251
10,2.2612230553764565,252
100,1.1789123047865726,252
1000,1.1935270253782233,252
10,0.11692332422270894,253
100,1.0875678011127254,253
1000,0.8736268609969086,253
10,1.991886113314404,254
100,1.1807768104939576,254
1000,0.922631400106755,254
10,2.1083558352259595,255
100,0.22557584128473565,255
1000,0.9328542031028569,255
10,-0.05589465098540897,256
100,0.7178011193628483,256
1000,1.068617019920867,256
10,1.6433932955262662,257
100,1.041980041701843,257
1000,0.8150381847395104,257
10,1.7852750895971021,258
100,2.727671426805191,258
1000,1.0256014203622206,258
10,2.2995857764523135,259
100,1.0060063286812457,259
1000,0.8569231420889338,259
10,0.5624756441744644,260
100,2.5266379374412296,260
1000,1.2128148298224934,260
10,0.7055355452340941,261
100,0.5922435177272031,261
1000,0.561090195220325,261
10,0.028366094515070175,262
100,0.8935096269542463,262
1000,1.3539390982949813,262
10,-1.9371953227350893,263
100,1.6649708189829218,263
1000,0.8119044209134056,263
10,-0.14577666981816753,264
100,1.3390861921792667,264
1000,1.2285544997831495,264
10,3.325154257985904,265
100,1.0445844674600682,265
1000,1.0720769463061601,265
10,0.5983125841871649,266
100,0.7527321351246111,266
1000,1.005048779389475,266
10,3.1408979039133125,267
100,0.45654616345832794,267
1000,1.0734712304357932,267
10,-0.19462021738200855,268
100,1.3586693371969036,268
1000,0.9546995950362767,268
10,2.6190653170229825,269
100,2.0758539074484648,269
1000,0.8564386175706524,269
10,0.23040595966457328,270
100,1.0102790329650528,270
1000,1.2816729624804992,270
10,1.8334671056019989,271
100,-0.8041038572822029,271
1000,0.9206283930464441,271
10,0.01037810401075466,272
100,-0.5092538381368399,272
1000,0.8841710018693171,272
10,0.7912391493970936,273
100,0.944353185022568,273
1000,0.9553615457637925,273
10,2.582409839439981,274
100,1.6240842382530385,274
1000,0.9841014493156828,274
10,2.7461330211417705,275
100,1.4932757169389324,275
1000,0.6858845250527783,275
10,2.4160916801752426,276
100,1.5675086211707374,276
1000,1.2429434382554299,276
10,2.589386081074962,277
100,-0.5969925199462361,277
1000,0.9145561357107774,277
10,0.5164825547741827,278
100,2.2832310346228866,278
1000,0.797394499230941,278
10,0.9188406710772781,279
100,1.4759748359541873,279
1000,1.1435949849069944,279
10,1.940810363549106,280
100,1.2994495301953937,280
1000,0.9943443748075418,280
10,-0.7927571769502137,281
100,1.1944436028700618,281
1000,1.1797918801998082,281
10,0.10991898121562615,282
100,1.1061985270206782,282
1000,0.8234786034788335,282
10,0.5679691808013934,283
100,2.297833588048781,283
1000,0.9514248064614563,283
10,2.625532222835988,284
100,1.744043374860932,284
1000,0.9189869366911183,284
10,-7.417307628161703,285
100,1.7754687915246108,285
1000,0.9247393306677857,285
10,2.260080053569341,286
100,0.6841993511401367,286
1000,1.1933721675795708,286
10,-0.433454404186173,287
100,2.2877507909297323,287
1000,1.150584036762709,287
10,0.46517949031229794,288
100,0.11893341212779235,288
1000,1.2012678742086078,288
10,2.5685121498284125,289
100,0.18927078878468723,289
1000,1.3763762316774584,289
10,1.2974013029565064,290
100,1.2458921547250812,290
1000,0.9846990092973218,290
10,0.21304082769965177,291
100,0.7708849542205949,291
1000,1.0431358862678561,291
10,-0.5441653535828194,292
100,1.3884063213369455,292
1000,1.1175915210786447,292
10,2.3124499244691825,293
100,1.6179212068138848,293
1000,0.8858316648302115,293
10,1.7663476776933553,294
100,1.2734979989652209,294
1000,0.9960014583509782,294
10,-0.5745222084495265,295
100,2.036240462773016,295
1000,0.897667963521348,295
10,0.42919183412388856,296
100,1.0207621962154945,296
1000,1.0453450365188999,296
10,1.0380310952813172,297
100,1.0890802728538185,297
1000,1.0833471953231366,297
10,-0.6283773152414317,298
100,1.408922844873652,298
1000,1.2242519845182032,298
10,2.9127783732782024,299
100,0.08387123523258445,299
1000,0.5812401174108095,299
10,1.2171315336541524,300
100,-0.898095908808263,300
1000,0.7601352255981604,300
10,2.4779253899604354,301
100,0.8763914052938996,301
1000,1.0787388980871917,301
10,0.8380220530833028,302
100,1.5594322700162901,302
1000,0.7948619770693969,302
10,1.5545422489104224,303
100,1.5489071427411194,303
1000,0.7818447963964178,303
10,0.7599176454160222,304
100,-0.16653145547545947,304
1000,1.2554042341543654,304
10,3.153392008349541,305
100,1.0725036814789852,305
1000,0.8593402283596737,305
10,-0.09337287838852851,306
100,1.7197000287508233,306
1000,0.9162340811093251,306
10,1.8077561847058412,307
100,1.3693431419248392,307
1000,1.2776992011313835,307
10,0.19363439697564247,308
100,0.8865649750353258,308
1000,0.9062485324906818,308
10,-0.10455182913627036,309
100,1.2007850740398915,309
1000,0.46825002281713435,309
10,0.8746019619364769,310
100,0.8558941109991367,310
1000,1.0241344058491613,310
10,-0.03617002762814688,311
100,1.8147961152400933,311
1000,0.9981133758028099,311
10,-5.837332125067725,312
100,1.3171812064459256,312
1000,1.0711683944748018,312
10,1.0272120079825866,313
100,0.2206338041193019,313
1000,0.9361704397844185,313
10,2.3463200879473725,314
100,0.05901435863265192,314
1000,0.8799552634554657,314
10,-0.2932906805468957,315
100,1.3657603684383735,315
1000,0.9735616763508814,315
10,0.6041859870300302,316
100,0.9494278976157704,316
1000,1.096545934737727,316
10,1.4817298919380717,317
100,-0.12199682562498348,317
1000,1.2393310497745487,317
10,-0.48449735071453276,318
100,1.1066002652782758,318
1000,1.0557050064068816,318
10,0.7616366717407765,319
100,0.6721551620191702,319
1000,1.219023057736412,319
10,2.2052478654603433,320
100,0.46422158741806285,320
1000,1.3852298598284163,320
10,1.4136385108448484,321
100,1.4353676051852493,321
1000,0.9462970209052415,321
10,-2.844591141733958,322
100,0.8136976559388759,322
1000,1.0884967424492502,322
10,3.772506411939705,323
100,0.7769690848159339,323
1000,1.0366652207414082,323
10,-0.1863520117458971,324
100,1.4717158561471075,324
1000,0.9910187413042931,324
10,-2.1069053406207447,325
100,1.1353604960192685,325
1000,0.915071540926774,325
10,1.2165566568724024,326
100,0.8972128294185417,326
1000,0.9283564976281928,326
10,1.6843989203445062,327
100,0.4676671887439778,327
1000,1.0163758323014627,327
10,3.2156085520230424,328
100,0.6751995070332991,328
1000,0.7201353342662103,328
10,-2.030313588896458,329
100,0.8401420099288566,329
1000,1.217754267748298,329
10,2.8080598037154543,330
100,1.5705293798981121,330
1000,1.4111539694049258,330
10,1.6907193105915046,331
100,1.210375976024272,331
1000,1.054794089622268,331
10,1.4881447322718986,332
100,0.240820585286298,332
1000,0.8436098894982423,332
10,0.6860664089880736,333
100,1.2545383950971436,333
1000,1.1743265768105036,333
10,1.8425266539014102,334
100,0.9455398606586033,334
1000,0.9913994769852411,334
10,0.8838389457277704,335
100,0.8502181474990667,335
1000,1.0626373790810748,335
10,4.242924120776482,336
100,1.8429511515491082,336
1000,1.1192890687906605,336
10,3.0357518860909174,337
100,1.7323315169735538,337
1000,0.7483063753351555,337
10,0.6555152510929029,338
100,1.3366091798403616,338
1000,1.1595849350619434,338
10,-1.6498270102120085,339
100,1.2491365970046862,339
1000,1.284684681790705,339
10,1.209000713205749,340
100,1.4741456565519895,340
1000,1.0303206068517137,340
10,-0.5065636581510993,341
100,0.2678108565937749,341
1000,0.9727617294469019,341
10,0.5017449298740894,342
100,1.453447634888205,342
1000,0.9234253249199127,342
10,1.4495795486552059,343
100,0.39385501801607303,343
1000,1.2183807656548766,343
10,-0.26745766213779976,344
100,0.8457684016416531,344
1000,0.9080426068039603,344
10,-0.4816284373967181,345
100,1.057676779449008,345
1000,0.820259275661678,345
10,2.383333816753054,346
100,0.3165752035256307,346
1000,0.8973218939945999,346
10,1.0110481495321597,347
100,-0.20784710518426255,347
1000,0.764792687925888,347
10,-0.03924928894974855,348
100,-0.654947026248959,348
1000,1.0078678473802047,348
10,0.3377098130320157,349
100,1.2995938323438603,349
1000,1.0005533401164792,349
10,1.3092110935038779,350
100,1.244285746466994,350
1000,1.3428709374385275,350
10,1.9483061945190898,351
100,0.9155250108019802,351
1000,0.9392589599350711,351
10,4.372479721525481,352
100,1.1426872147584486,352
1000,0.9649553573205528,352
10,1.895384775534995,353
100,2.4342140895600664,353
1000,0.8836169033622469,353
10,0.8745869157987911,354
100,1.5256201229414907,354
1000,1.1861687259980438,354
10,2.047148437473649,355
100,0.18289357325162622,355
1000,1.0100274037425996,355
10,-0.5027136566462151,356
100,0.8352802563149669,356
1000,0.7968548305259263,356
10,1.836263637176843,357
100,0.7276271483717387,357
1000,1.4765989232623404,357
10,2.7120318576398694,358
100,1.8630165340006974,358
1000,1.4086998789937446,358
10,4.9238551213652295,359
100,0.317717930643338,359
1000,0.8851918072152416,359
10,4.565530185136474,360
100,0.17540054453270781,360
1000,1.055352074569061,360
10,1.6778803877300772,361
100,1.4646817962839878,361
1000,0.9530441857668422,361
10,3.5220257144502525,362
100,2.1243229330207574,362
1000,1.1572390615019668,362
10,1.8786650830526763,363
100,0.8769839084562481,363
1000,1.1607653363813057,363
10,0.7674985686412935,364
100,4.069512794154042,364
1000,1.0188744880587983,364
10,-2.2658258110382583,365
100,2.396223922690808,365
1000,1.0562544994164336,365
10,-0.05785291006310543,366
100,1.1996109088287048,366
1000,1.1777154344602605,366
10,1.1875971841508786,367
100,1.2754898150784741,367
1000,1.064947895307979,367
10,-1.0955281484152808,368
100,0.525195385465776,368
1000,1.12274362314657,368
10,1.5110356666616176,369
100,1.276481972207361,369
1000,0.9813432989000623,369
10,-7.243739842731384,370
100,1.37604054386212,370
1000,0.8835188264170465,370
10,1.3846100770691445,371
100,1.366545780971491,371
1000,0.938112526949652,371
10,0.04633706105575427,372
100,1.0448897417007963,372
1000,1.4707892496601656,372
10,-0.6317496206373088,373
100,0.2308365442556702,373
1000,1.0054686028564446,373
10,-0.3918303281409207,374
100,1.0751459846826077,374
1000,1.0831095775774782,374
10,-0.0010481453597010748,375
100,0.9371032980710554,375
1000,1.227706647691767,375
10,0.2926113935972328,376
100,0.8513111321315054,376
1000,1.0868251414853245,376
10,2.83926634809093,377
100,1.1135948765202446,377
1000,1.1101043689516807,377
10,0.43007468944205407,378
100,1.8977594329279888,378
1000,1.0601674698096866,378
10,0.36067637590162444,379
100,0.4122707188831281,379
1000,0.7897985216048038,379
10,0.6478315948533829,380
100,-0.3512578746863195,380
1000,1.217899325704104,380
10,0.7065403894444734,381
100,1.0474351759347518,381
1000,0.8870463694008914,381
10,1.896131764956374,382
100,0.2476709296530162,382
1000,1.205788002662912,382
10,0.8835093284567146,383
100,1.1967484227910037,383
1000,1.1590998697006962,383
10,3.6424867657557796,384
100,1.2814807004025246,384
1000,0.9087439807746547,384
10,0.6510501587455774,385
100,1.4832732431636118,385
1000,0.9975984798596659,385
10,1.860374549798475,386
100,2.155961549102459,386
1000,0.9836213689522612,386
10,4.080015314811485,387
100,0.9449478725140826,387
1000,0.9029147714391252,387
10,1.3476327602677505,388
100,0.18295144462254861,388
1000,0.9483174546329872,388
10,1.8281486465466241,389
100,1.2528729741443032,389
1000,0.8779168470194045,389
10,0.8416162037297694,390
100,1.2488948747268147,390
1000,0.8871087493803873,390
10,2.2188430088504,391
100,1.0323631360840895,391
1000,0.6216400361288983,391
10,1.3708116660714087,392
100,-0.7133925509199474,392
1000,0.9619915944250531,392
10,-1.7210637402105213,393
100,0.5200915118779313,393
1000,0.7882682177811456,393
10,1.4277739529132933,394
100,1.119234638998606,394
1000,1.0105172958421587,394
10,-1.3191526774367013,395
100,1.2028685462987405,395
1000,1.1336968833591632,395
10,2.3186795146204413,396
100,1.0963606113850977,396
1000,1.007460030966081,396
10,1.9468919460176963,397
100,1.1423756035403894,397
1000,0.8640320798091808,397
10,2.2505439084981163,398
100,1.9909089540507015,398
1000,0.7668705968759272,398
10,-0.9438042602177041,399
100,-0.42446237178330504,399
1000,1.0168421328705077,399
10,-5.183880958660755,400
100,1.420251962747787,400
1000,0.9001683361220788,400
10,0.3635398583087581,401
100,0.8194851602310853,401
1000,0.9506388820153641,401
10,-0.540359708329313,402
100,0.8209600361491416,402
1000,0.9435099845598208,402
10,2.0273385151673815,403
100,2.406072582578234,403
1000,0.9537739037133812,403
10,1.8807376565827696,404
100,1.6413135709390405,404
1000,1.2189473935666086,404
10,-0.20645706412110845,405
100,1.237301167679833,405
1000,0.9393153939613916,405
10,1.4552236013668156,406
100,1.7026236877401795,406
1000,1.0215396256964433,406
10,1.5656045202976183,407
100,-0.2172505154271319,407
1000,0.8646993455731515,407
10,0.3827635749504669,408
100,1.2877219949620984,408
1000,1.103323380228587,408
10,1.5977313445712382,409
100,1.0088933345683575,409
1000,1.1554188120558788,409
10,-0.07469884500926235,410
100,1.1407949168955627,410
1000,1.0815958654719506,410
10,1.4361815327907117,411
100,-0.08990115205275298,411
1000,1.0267203234446383,411
10,1.1779061997315534,412
100,0.7993778675350021,412
1000,0.9528968220352264,412
10,1.962641034085628,413
100,1.6324968818815024,413
1000,1.0602635112902599,413
10,0.22112840150362287,414
100,0.7914247781392326,414
1000,0.8468442107177546,414
10,3.0406015902065295,415
100,0.7103061080258205,415
1000,0.8405636959661978,415
10,1.7976725619802807,416
100,1.678910379298306,416
1000,1.0692482219380195,416
10,-1.0444035890982304,417
100,0.47161411229680694,417
1000,1.0895210831322273,417
10,6.932945032888921,418
100,0.61881653698190775,418
1000,0.8695263068060909,418
10,1.3503107258343643,419
100,1.5814208136986068,419
1000,0.8831428428865528,419
10,0.6286963212046106,420
100,0.21775449578851372,420
1000,0.6375826031892716,420
10,0.9299895491142327,421
100,0.15977342800495736,421
1000,1.0588116891831314,421
10,-0.928224560721436,422
100,1.6083416508427408,422
1000,1.1459073064907206,422
10,6.075718046578571,423
100,0.06524772919743611,423
1000,1.2656303803120286,423
10,0.8679989309657007,424
100,0.9680511427622093,424
1000,0.7353784071082253,424
10,-0.4112518627362479,425
100,1.56815086972998,425
1000,0.722679865323723,425
10,-0.12885546663291858,426
100,1.643601700384092,426
1000,1.0349425833046544,426
10,1.911711776447218,427
100,0.5095303075055537,427
1000,0.9593778322610713,427
10,1.1040453833190504,428
100,0.7809901238933394,428
1000,0.9849035201356251,428
10,5.669513859066208,429
100,1.297349302377359,429
1000,1.263582616685065,429
10,1.065237668322386,430
100,0.7106366682430123,430
1000,1.2874479414241131,430
10,2.5392819124619437,431
100,0.2179313681506375,431
1000,1.073726318972805,431
10,1.4468450087822227,432
100,0.967096307758613,432
1000,0.8254730976123298,432
10,0.6663337123305525,433
100,1.8069114298544637,433
1000,0.49228288797198827,433
10,-0.17243209403744686,434
100,0.851970624877455,434
1000,0.8851802909250958,434
10,-0.9658566126531042,435
100,1.066967537604659,435
1000,1.4424059698418619,435
10,1.1293109208114618,436
100,0.9285591694187431,436
1000,1.050106990412082,436
10,1.968434026213241,437
100,1.4570605035721014,437
1000,1.2156774330592135,437
10,0.0396135459769686,438
100,1.1870617366584024,438
1000,1.0871512856711012,438
10,1.7704250220061213,439
100,1.5570992585365702,439
1000,0.9666559757663004,439
10,-0.5013297035229718,440
100,1.8608592343105679,440
1000,1.159743046358949,440
10,0.5087829812855217,441
100,1.2746284434427244,441
1000,0.8399788675075257,441
10,-0.4307899240709962,442
100,0.7918434414775436,442
1000,0.9252299289206463,442
10,-3.4138087401205626,443
100,0.8854441610399043,443
1000,0.8870408904755456,443
10,0.2759154286638452,444
100,-2.032330870806958,444
1000,0.9283214533083771,444
10,2.4017721464152872,445
100,1.4056885341137801,445
1000,0.8211688678009318,445
10,-0.4107590991275119,446
100,0.3844306645116133,446
1000,0.908671216541001,446
10,-0.1527342578975873,447
100,0.2017019374792595,447
1000,0.9376094415884755,447
10,-1.6298326547609958,448
100,1.0864590205218805,448
1000,1.1285634284913064,448
10,1.6666426057334227,449
100,1.350590910468112,449
1000,0.91252264724444,449
10,1.518196591011955,450
100,1.1599778978314896,450
1000,0.9468523715276886,450
10,-0.10774304606231087,451
100,1.0412115701128135,451
1000,0.9445856628361989,451
10,0.9649069217162105,452
100,1.0632847048060523,452
1000,1.0151454231158386,452
10,-0.1424448404478126,453
100,1.3788995558800752,453
1000,0.9568660518541028,453
10,-0.2507493861911222,454
100,2.4304567740050986,454
1000,1.3925028797645052,454
10,-0.46523112892841606,455
100,0.3172120134886408,455
1000,1.0133896851523567,455
10,1.1008125867929082,456
100,0.7785915958711394,456
1000,0.8486833181637115,456
10,2.1731162295752315,457
100,1.4189223481774846,457
1000,1.0748636717830315,457
10,2.2380712692759896,458
100,0.6295514734127768,458
1000,0.8519579939660337,458
10,2.5817077635071772,459
100,0.6381060985431387,459
1000,0.9375667694330699,459
10,2.884082297207893,460
100,-0.06696425837182741,460
1000,0.8271059392371932,460
10,1.7913120757157777,461
100,0.38925914573396914,461
1000,1.1721383369976364,461
10,1.544520411881698,462
100,0.7190924154169612,462
1000,0.9803842545414074,462
10,0.3131124735168299,463
100,1.1107217518194012,463
1000,1.279032712621795,463
10,-3.967842389594577,464
100,0.6141793922298846,464
1000,0.7911729342083105,464
10,4.4237259116226815,465
100,1.0454390578111876,465
1000,0.9815554176624857,465
10,0.5538888056232102,466
100,1.4656983257574647,466
1000,1.038514346784414,466
10,2.4655853501941296,467
100,1.0439395079743683,467
1000,1.2286290119829215,467
10,0.3423397392854841,468
100,1.7984377470197284,468
1000,0.7805984989419056,468
10,-1.2549960760560073,469
100,0.38213080948050776,469
1000,1.1654518832022913,469
10,2.8196304182481713,470
100,1.1698750734772152,470
1000,0.9157708447798218,470
10,0.6431007023709401,471
100,0.42689082035053943,471
1000,0.8662123131164973,471
10,2.0107806174002136,472
100,1.4135375901264795,472
1000,1.210507409505702,472
10,-0.12054041623582634,473
100,2.129781007931657,473
1000,1.1722653201788527,473
10,-0.2500364206373279,474
100,0.9368163727208156,474
1000,1.227943029470957,474
10,0.7218971269061607,475
100,1.6755401303057051,475
1000,0.34211989404719895,475
10,1.434261543969359,476
100,0.8499632255158303,476
1000,1.2189481872076675,476
10,-4.942486935038701,477
100,0.6027528408732217,477
1000,1.000302731066575,477
10,2.2330067731583236,478
100,0.6030202796831019,478
1000,0.729416329698649,478
10,1.0539148002052643,479
100,0.23647527738497348,479
1000,1.1585000342812102,479
10,0.31227988080204944,480
100,1.0137478681169325,480
1000,0.7734116934848713,480
10,6.13940443468735,481
100,1.2397757707963732,481
1000,1.1172279398303315,481
10,1.995917704219832,482
100,1.3038998650111675,482
1000,0.864596204991607,482
10,1.9840465235691322,483
100,0.7435414453661853,483
1000,0.8341482919458286,483
10,5.5108119715660315,484
100,0.3710791869767252,484
1000,1.2523521132089228,484
10,0.6732277144473934,485
100,1.7918974027318684,485
1000,0.704554082724482,485
10,2.074532109222124,486
100,1.268020920761425,486
1000,0.9897478566451735,486
10,-0.5014112812954167,487
100,1.5341150055973876,487
1000,1.3003330952660486,487
10,-1.4877965996463742,488
100,0.3495766195362033,488
1000,0.8719847264420428,488
10,2.038390803238619,489
100,1.0977278746827255,489
1000,1.0859914794179157,489
10,0.6166331533743805,490
100,1.7951509024656287,490
1000,1.130145548574148,490
10,1.0770609684084127,491
100,0.6855685103540181,491
1000,1.1190954056448665,491
10,1.2305838191771814,492
100,1.211870766593661,492
1000,1.0331916402526378,492
10,-0.14119749049437907,493
100,0.13480696423481758,493
1000,1.0174122574979354,493
10,3.2032715900437454,494
100,1.2822542900668275,494
1000,1.0842155088063998,494
10,1.69698175496556,495
100,1.8805965158733287,495
1000,1.1342955300971627,495
10,0.7004019280859655,496
100,0.8562559535909421,496
1000,0.8002604547647995,496
10,1.5309702408983497,497
100,0.593897336313756,497
1000,0.739553625383848,497
10,1.2839684511468676,498
100,0.9369286785723184,498
1000,1.1126360878616792,498
10,1.196718528718127,499
100,0.3657058494113406,499
1000,1.155556083994827,499
10,0.44442233339771486,500
100,1.4194712275038968,500
1000,0.9390744487464006,500
10,-0.20940254003347678,501
100,0.9358909184299349,501
1000,1.0334297300079482,501
10,0.49083897102907087,502
100,0.3614913411134803,502
1000,1.2245173239719478,502
10,-1.1124488168467428,503
100,0.1021613436175007,503
1000,1.3094123314939468,503
10,0.596138043726083,504
100,1.3924841584118968,504
1000,0.6294842469269392,504
10,0.6259825989279038,505
100,1.5352833808240047,505
1000,1.159367342560943,505
10,0.793667676669982,506
100,1.7108157866909457,506
1000,1.0835188026067053,506
10,3.001223840804659,507
100,1.512429096195846,507
1000,0.8367123571460262,507
10,-0.16657432135548958,508
100,0.8735133417494275,508
1000,0.689719129489905,508
10,0.5529972123209732,509
100,0.43187009955734545,509
1000,1.2318972526909184,509
10,2.2905816528904404,510
100,1.16751667331995,510
1000,1.0417186194539847,510
10,-0.5393397704271352,511
100,1.235723395444134,511
1000,0.8659275369821117,511
10,0.6831012200788442,512
100,1.3166901792603303,512
1000,1.0633178180410048,512
10,2.0560590174527107,513
100,1.5648745440138128,513
1000,1.0480873754535203,513
10,0.5848817791748568,514
100,1.0314830426174817,514
1000,0.4624698681582883,514
10,-0.013032629344920822,515
100,1.49073783974105,515
1000,1.2103859236819698,515
10,0.7829085226574898,516
100,0.8519255869791907,516
1000,0.9013179026080336,516
10,1.4044231820722735,517
100,1.3082475003542944,517
1000,0.8396854519136734,517
10,0.0352544676250714,518
100,0.40326295970997195,518
1000,0.916135146532302,518
10,1.1252106099130916,519
100,1.1651912843214727,519
1000,0.7177328702689878,519
10,2.1458720064978745,520
100,-0.2718213739498872,520
1000,1.06122502356427,520
10,-0.7375836118384581,521
100,0.6350447507846428,521
1000,0.9469017941731103,521
10,-0.5730073079541598,522
100,0.9518375164127497,522
1000,0.9165419626888273,522
10,1.8400985355184536,523
100,0.5236544534973179,523
1000,0.8205553468872299,523
10,1.0279360975393703,524
100,1.1709399696517087,524
1000,0.8459672062553033,524
10,1.5155589852956388,525
100,1.0374733002554166,525
1000,0.8164352590580974,525
10,2.026078663589617,526
100,1.078985084397842,526
1000,0.797664284144971,526
10,1.818974707160707,527
100,0.884318859330138,527
1000,0.8783205005377122,527
10,1.2875344281665742,528
100,1.4248813181088762,528
1000,0.803348688467441,528
10,1.0914320538388291,529
100,0.2714643000948137,529
1000,1.4047321783997935,529
10,3.5106759899141498,530
100,1.8203692823752164,530
1000,1.0426683336204636,530
10,2.073350389611012,531
100,1.0469453054700828,531
1000,1.0573600270132517,531
10,0.42856946183594175,532
100,0.940510782093869,532
1000,0.6363510901617339,532
10,-1.2490133914093045,533
100,0.7096466536386142,533
1000,0.9379059633437244,533
10,1.8010914147411137,534
100,2.4165421109340923,534
1000,1.0242029480641888,534
10,-0.29811861859091365,535
100,0.25162607244638047,535
1000,1.00180280672227,535
10,1.242503633085512,536
100,1.4748886833695465,536
1000,1.1277163758835642,536
10,0.40319826794791597,537
100,1.4223038951404097,537
1000,1.1117197946760882,537
10,1.834149550862916,538
100,1.6395417608737537,538
1000,1.149596634022745,538
10,2.586621556522667,539
100,0.9284621956834456,539
1000,1.0710862999109285,539
10,1.2836637145611423,540
100,0.456018032977065,540
1000,0.9111155285711527,540
10,2.9495872319840677,541
100,0.6716853160593742,541
1000,0.9815441876511375,541
10,2.901701556164509,542
100,0.06337152806999656,542
1000,1.2752087439982964,542
10,0.13650982252123106,543
100,-0.7447484531368661,543
1000,0.7189541450966134,543
10,1.314696659451313,544
100,0.5429648964897184,544
1000,1.1199652955744404,544
10,0.679377343215441,545
100,0.614930623548703,545
1000,0.8831656272905555,545
10,1.7542835457083146,546
100,1.6124885700673024,546
1000,0.9740057549897212,546
10,-2.037841452203229,547
100,1.3435694166509855,547
1000,0.8601881024500596,547
10,-1.3076845904336887,548
100,0.9580118661804855,548
1000,1.0683498241281104,548
10,2.364754080928801,549
100,0.6704168779126128,549
1000,1.001058214922301,549
10,-5.114790303920851,550
100,1.7077575467322093,550
1000,1.0406937592399284,550
10,1.2133808573782028,551
100,2.260694634938931,551
1000,1.027521211820844,551
10,0.30195272496928605,552
100,0.0746871276405489,552
1000,0.825155289190322,552
10,-0.88416704207518515,553
100,1.217072504594332,553
1000,1.0741276815105778,553
10,-0.26844832620460135,554
100,1.511947959499504,554
1000,0.9273963097332075,554
10,2.114493839879222,555
100,2.7188948623144955,555
1000,1.1283305931347112,555
10,-0.9951853320240815,556
100,2.350993013980842,556
1000,1.1738684096351544,556
10,1.0594555058516208,557
100,0.837036637793954,557
1000,0.9084428896606471,557
10,0.13407415095158923,558
100,0.38586231479711963,558
1000,0.9980027867654457,558
10,1.468419538564749,559
100,0.6240286167670851,559
1000,0.5852157844621094,559
10,0.47542237644562135,560
100,-0.335778871222957,560
1000,0.9811249450866083,560
10,1.8582577736620043,561
100,1.2619024600173006,561
1000,1.1293066652036063,561
10,0.29260335349425515,562
100,1.2561011941878082,562
1000,0.9338089408518475,562
10,0.858222355230916,563
100,1.2180166896143683,563
1000,0.9115424416191683,563
10,0.8193686426176822,564
100,0.29192400041949657,564
1000,0.7499927116569006,564
10,-3.693298732319837,565
100,1.2863871456246492,565
1000,1.0435623749736511,565
10,0.39472701075272437,566
100,0.17348932519900911,566
1000,1.1977034023304034,566
10,1.6927763583327355,567
100,1.0920722775138438,567
1000,1.0187248996760947,567
10,1.4232027362699464,568
100,0.051305380554810716,568
1000,0.8809509621693647,568
10,2.131867368262306,569
100,0.16283147013644267,569
1000,1.0636786580808073,569
10,-1.73845872554599,570
100,0.7260198315959718,570
1000,0.7960724263603292,570
10,0.4384769511937229,571
100,1.7200367025372005,571
1000,0.9213412856165204,571
10,3.098072227607882,572
100,0.7260214369531727,572
1000,0.8365115623041439,572
10,3.4007468265912233,573
100,0.17780453491717088,573
1000,0.9550468670998069,573
10,3.1815971623579187,574
100,1.2556635368063862,574
1000,0.9464138338934996,574
10,0.8444379716451752,575
100,0.7154351507890997,575
1000,1.0082240935977203,575
10,1.5026790478607304,576
100,1.4867343828699655,576
1000,0.6691022386609115,576
10,3.170737050851553,577
100,1.2370912562921483,577
1000,1.1380484674790339,577
10,-0.1933457662674797,578
100,0.3461386728305408,578
1000,1.1148461496926387,578
10,0.197660665486292,579
100,1.0260868465770732,579
1000,0.8398208970802458,579
10,4.0213019493825986,580
100,1.797895292770154,580
1000,1.2334699921051413,580
10,1.8935432579854345,581
100,-0.5570474230441779,581
1000,1.0615479816626359,581
10,2.493900905045082,582
100,1.3658585530048097,582
1000,1.005565175766415,582
10,3.24654176503506,583
100,1.7603896645639037,583
1000,0.5039356440287053,583
10,0.2032356294769406,584
100,0.8669255824912823,584
1000,0.7345021416511884,584
10,2.112631638660086,585
100,1.0461707120204158,585
1000,0.9049988850132009,585
10,0.44924203755212216,586
100,1.2644466102145877,586
1000,0.7687006088303042,586
10,1.7323783496519511,587
100,1.1128646824028574,587
1000,1.2739665567593934,587
10,1.5934822393018564,588
100,1.2481115265897729,588
1000,1.1875244960771738,588
10,0.6270825288040427,589
100,0.2588802621589849,589
1000,0.8223992005641989,589
10,1.2576395570374812,590
100,1.2749323625600193,590
1000,1.2282629751008645,590
10,1.2662045190631117,591
100,0.8217227914666431,591
1000,0.9854260520495516,591
10,0.6396457667924134,592
100,0.3190621310699344,592
1000,0.9497606730372858,592
10,0.674483435122245,593
100,1.952662966366237,593
1000,1.3510523462974715,593
10,3.113966085105649,594
100,-0.02769655693258608,594
1000,0.987706472763867,594
10,2.0340615995299944,595
100,0.5904241290100595,595
1000,0.9008955115535023,595
10,0.6878222203209756,596
100,0.6183379948483808,596
1000,0.9147374408186029,596
10,1.0550848358819838,597
100,1.179839428492923,597
1000,0.8685521397804653,597
10,2.188940244139896,598
100,1.7004718386378899,598
1000,1.2633037007118684,598
10,-0.544681121714324,599
100,1.2321734968960334,599
1000,0.7697786171932001,599
10,2.2798766423715464,600
100,0.9604921669505808,600
1000,1.0301995829793655,600
10,0.9507258749040322,601
100,1.3317353263435638,601
1000,1.0574996670026677,601
10,-0.5236299278025868,602
100,0.8869877873659904,602
1000,0.7964273569373183,602
10,3.7676580273966804,603
100,1.3702209992205105,603
1000,0.8913960575494835,603
10,0.9794852574755425,604
100,0.009043519638127747,604
1000,1.3394235793164815,604
10,0.5323278842469537,605
100,1.4939389891142865,605
1000,0.9665154724953541,605
10,-0.9866811857014751,606
100,0.050919265814614145,606
1000,1.1520559411761946,606
10,-0.13609504517501506,607
100,1.7077600262081645,607
1000,1.1140125316882763,607
10,0.558126927794322,608
100,0.980887632918573,608
1000,0.8938660757515784,608
10,1.7687848948698652,609
100,1.7144651637522763,609
1000,1.0416522760091191,609
10,-0.0351711027558477,610
100,1.2947208162177928,610
1000,0.620680848789959,610
10,3.400854487125642,611
100,1.3802796177302614,611
1000,0.838706612326715,611
10,-1.7100109761626807,612
100,1.5225533882002888,612
1000,0.8564386669479104,612
10,0.20060497817937448,613
100,1.0904624346028895,613
1000,0.6264180793913139,613
10,0.33652566019178615,614
100,-0.34584741895266763,614
1000,1.0029097658919666,614
10,0.9652202183857113,615
100,0.7328850190194838,615
1000,1.1973020041172808,615
10,-4.300003724880127,616
100,1.7221040838158685,616
1000,1.0435013122271397,616
10,0.3024754539342379,617
100,0.38919582539951203,617
1000,0.9503199401764074,617
10,-0.008301348810053805,618
100,1.1529004792179345,618
1000,0.6744141132595239,618
10,-1.743094842103463,619
100,0.7834690637904853,619
1000,1.102897534739114,619
10,-1.2377501120420238,620
100,1.232189087652003,620
1000,0.8158955357402198,620
10,1.6715955773560343,621
100,0.9354111503760116,621
1000,1.227114853041175,621
10,-0.452169458814574,622
100,1.9285795165120325,622
1000,0.5859615345124063,622
10,1.1317560104062958,623
100,1.460472537220763,623
1000,0.9429751200563667,623
10,0.836922378980384,624
100,1.3036361629095632,624
1000,1.0456115559244759,624
10,2.526330293701917,625
100,0.36439635773731505,625
1000,0.9091313472074907,625
10,2.4186880938966593,626
100,0.4620046867747719,626
1000,1.002143719313514,626
10,0.7971272750654799,627
100,1.039918508615568,627
1000,1.0906086984779237,627
10,2.7889106970703894,628
100,0.8192264595165948,628
1000,1.0258785129834402,628
10,-0.5079407466805745,629
100,0.6136663001751866,629
1000,1.0735164943979996,629
10,2.0573317841221987,630
100,0.8760440759491687,630
1000,0.8148427316582921,630
10,1.4624362621030011,631
100,1.2596179648320123,631
1000,0.5349664454645385,631
10,0.40202620054922794,632
100,0.22338557840458775,632
1000,0.7316264611149075,632
10,1.0459005797454899,633
100,0.5339861589395436,633
1000,1.0726930674108544,633
10,-1.2901792679059818,634
100,1.19327569778579,634
1000,0.8760409471904004,634
10,0.45444931822267065,635
100,0.5330011455034636,635
1000,0.8524142382784143,635
10,1.5746357623995964,636
100,1.7371956307894938,636
1000,1.105231034090351,636
10,-2.3883633515067983,637
100,1.8155667468580687,637
1000,0.9791115932633481,637
10,1.5762008755059604,638
100,1.44971469833422,638
1000,0.6496262151187292,638
10,-0.10660194279767389,639
100,0.5350143315094427,639
1000,1.142507578205337,639
10,0.7160844458423334,640
100,0.2315542725633814,640
1000,1.0612859267687476,640
10,2.781122524878557,641
100,2.0501710358952194,641
1000,1.050702951290714,641
10,1.8705565108876787,642
100,1.0112280670270382,642
1000,0.9653271021217215,642
10,0.1499015352344117,643
100,0.8964059984295047,643
1000,1.14248997952336,643
10,-0.5127954332109732,644
100,1.2991451717167226,644
1000,1.1006849851564344,644
10,0.9833976727429052,645
100,0.08772227868982613,645
1000,1.1533657802525188,645
10,0.0745746722558546,646
100,0.6731823000564036,646
1000,1.077577967165018,646
10,-1.0509617186668923,647
100,0.36987094556946815,647
1000,1.118886538737162,647
10,0.22805463852915314,648
100,1.1178055282728006,648
1000,1.2605949471580253,648
10,-0.14756522190604726,649
100,1.1572517445450985,649
1000,0.91259537738248,649
10,-0.972231796276289,650
100,-0.15531889970275736,650
1000,0.9229592440180361,650
10,3.309829181786247,651
100,1.103848427123003,651
1000,0.6915538700976537,651
10,1.1317225291241582,652
100,1.0960662068037967,652
1000,1.2219189221351454,652
10,1.0550566804097699,653
100,1.2005685882102424,653
1000,0.9174758093886536,653
10,1.2694246789516825,654
100,1.7066138803260709,654
1000,0.9276684712830433,654
10,0.9839585842952834,655
100,1.7744028338740778,655
1000,1.1200571172889788,655
10,-0.4547022314453353,656
100,1.5971303087376367,656
1000,0.7718726882051388,656
10,1.6773655704741388,657
100,1.5030017279363304,657
1000,1.0327212814135363,657
10,2.3916433830486077,658
100,0.2803753339486217,658
1000,1.210467088325797,658
10,1.6514964558737375,659
100,1.2499265803867754,659
1000,1.0649503035352905,659
10,-0.10616899872001162,660
100,0.27707345998324073,660
1000,1.305257980248894,660
10,0.7546705579763212,661
100,0.9576435323426387,661
1000,0.7685158590468504,661
10,1.9767337827079208,662
100,1.6195836669888577,662
1000,1.474919749782637,662
10,-1.394663724063602,663
100,0.04869176241006762,663
1000,0.8371196184484117,663
10,0.1264940704010951,664
100,1.5403589632787127,664
1000,0.7664053350386691,664
10,2.1846710774882445,665
100,0.625308726356103,665
1000,1.2762215962168262,665
10,-0.8610245663552758,666
100,1.7793276020668793,666
1000,1.3456811824243975,666
10,0.7350569288289891,667
100,1.2365077019005994,667
1000,0.9114936420688495,667
10,-0.07208097023425873,668
100,0.7141447709954813,668
1000,1.15144794835408,668
10,3.140197236370608,669
100,1.5240612448641666,669
1000,0.9761547254219826,669
10,7.256923766418397,670
100,0.9009623884285395,670
1000,0.7125620401154888,670
10,2.2936060636819455,671
100,-0.48135901781562457,671
1000,0.6722271551031499,671
10,0.35808169706181053,672
100,1.2965875195166734,672
1000,0.7986481629243514,672
10,3.2791063183508062,673
100,1.6270674296405767,673
1000,0.4654751672191641,673
10,1.3016826594187219,674
100,1.1741355423649449,674
1000,1.0303661805391795,674
10,1.195529513975216,675
100,1.169077758889585,675
1000,1.0711250750161578,675
10,2.0455608944629997,676
100,0.10491592790389888,676
1000,0.7823131934897449,676
10,0.9693014558235346,677
100,0.6914673391469904,677
1000,1.0209398684913127,677
10,0.7555342563799108,678
100,0.9219086036548065,678
1000,1.1828140868091979,678
10,1.6920942882926326,679
100,2.339209306147921,679
1000,1.1540510676442217,679
10,0.4330373908061329,680
100,0.5169610318179774,680
1000,1.1971273826368938,680
10,-0.2658864281201572,681
100,1.1547513281831532,681
1000,1.065397557777267,681
10,1.4120588106328986,682
100,4.179604382982268,682
1000,1.293683373582507,682
10,1.7105481599782255,683
100,1.35521979548025,683
1000,0.8632531923892545,683
10,4.067192692611037,684
100,0.011901169633957764,684
1000,0.7476629550803705,684
10,1.2729877395616784,685
100,1.2196230104981436,685
1000,1.0534380601891402,685
10,0.33676674626917913,686
100,1.1228390115860591,686
1000,0.8348984661524185,686
10,1.9463052789807351,687
100,0.938247210302265,687
1000,0.8363422717348664,687
10,0.8629280659050382,688
100,1.3563893474985307,688
1000,0.7677042173764586,688
10,-0.3922489678496762,689
100,1.1870488475780594,689
1000,1.0012537907442793,689
10,2.1484808855172237,690
100,2.000246835445379,690
1000,0.9434373115538266,690
10,0.07828425453826028,691
100,0.5638344858068579,691
1000,1.1382419432313646,691
10,0.732326448587793,692
100,1.130129602508525,692
1000,1.0760398985516046,692
10,1.2027977467554931,693
100,1.393177637565528,693
1000,0.7847297164305252,693
10,-0.06632413814041427,694
100,-0.3033419526330108,694
1000,0.9190687871941748,694
10,0.48525249157676625,695
100,1.6189464816028656,695
1000,1.0129387876133003,695
10,-0.09875579473158203,696
100,0.7095276958058967,696
1000,1.1222889071155349,696
10,0.4937486427184541,697
100,1.9050372518315153,697
1000,0.5644945740625561,697
10,-0.44972046263244386,698
100,0.32761723579444674,698
1000,0.9714091144084566,698
10,1.7682009363457023,699
100,1.0542284163565765,699
1000,1.1749811620662196,699
10,1.255318666103169,700
100,0.83220606389051055,700
1000,0.7103558605958674,700
10,1.2984119038514803,701
100,0.9579443882692642,701
1000,0.4919082200975842,701
10,0.7050005925745282,702
100,2.8257296279197326,702
1000,0.7123689415111003,702
10,-0.9263060815356013,703
100,1.7295734986860272,703
1000,1.0967475443177093,703
10,0.5867174123635052,704
100,0.9075622202484365,704
1000,1.0647205927862209,704
10,1.3316230198588899,705
100,0.755101621250915,705
1000,0.6948984530437683,705
10,1.4662945073990994,706
100,1.5859840204267062,706
1000,1.025265622897113,706
10,1.1703948972379417,707
100,-0.0934271075261841,707
1000,1.012002789884979,707
10,1.5084336076344294,708
100,0.5593764806074678,708
1000,1.1379238092418096,708
10,0.6502113200698187,709
100,0.7970493736133198,709
1000,0.8282880684582937,709
10,1.3875371118193807,710
100,0.7942013590658166,710
1000,1.15682434556342,710
10,-0.7257312232182365,711
100,1.6887042513073887,711
1000,1.0147386263980607,711
10,1.485740989527779,712
100,1.1393617031389431,712
1000,1.0946913033155465,712
10,1.2647438250603125,713
100,0.3906833203305507,713
1000,1.3489226384277488,713
10,1.3906425699664522,714
100,1.2295237415226548,714
1000,0.9993523863491617,714
10,0.5425295773275615,715
100,0.9921029243705903,715
1000,0.7669229707484597,715
10,0.02323468235226495,716
100,0.06322105881663269,716
1000,1.077233353991145,716
10,0.20376688803476925,717
100,1.1863497912806593,717
1000,1.2278416836474566,717
10,2.758036983058523,718
100,0.9767387631413257,718
1000,1.2335501595989635,718
10,0.3325515120834649,719
100,0.5791282626404299,719
1000,1.2269020631972654,719
10,0.701593425308422,720
100,2.342756104314759,720
1000,1.5300018053222353,720
10,-0.6560029299254757,721
100,1.5074279202069005,721
1000,1.024393071143197,721
10,0.9160902877948716,722
100,0.7357308172759676,722
1000,1.081518271092509,722
10,0.9378638938290196,723
100,1.3371224510364108,723
1000,0.9559187645020607,723
10,-0.28684892796444983,724
100,0.8190468953832069,724
1000,1.1942906884564188,724
10,0.8346831630201462,725
100,0.6482232777642727,725
1000,0.8951129842667955,725
10,1.0381570921284717,726
100,4.027358721773691,726
1000,0.9119869168499737,726
10,3.0558067660654364,727
100,1.8862297885535755,727
1000,1.0352851400797403,727
10,1.4695474865661389,728
100,1.3510325985876903,728
1000,0.7759048255247781,728
10,1.3967256282877882,729
100,0.8247430282587748,729
1000,1.2336764970347371,729
10,0.8606828896679535,730
100,0.613509839809652,730
1000,0.8973721671411011,730
10,0.31715053522483255,731
100,1.289803149219203,731
1000,0.812983799553707,731
10,4.821575693606753,732
100,1.243829951902195,732
1000,1.3347125368655088,732
10,2.3569445000684293,733
100,1.0807906060149886,733
1000,0.8493191976349372,733
10,0.676249942247513,734
100,-0.8225596756398881,734
1000,1.0048956576201817,734
10,0.9270373776158412,735
100,1.2400579246669874,735
1000,0.8053081600461793,735
10,0.5375058586539092,736
100,2.4492788046062812,736
1000,0.8085651067521075,736
10,0.6624477765988637,737
100,1.275677706511102,737
1000,0.9155345370835272,737
10,-0.06725882304172938,738
100,2.112409612208258,738
1000,1.2274691286284414,738
10,1.6823172884536155,739
100,1.4018887656191341,739
1000,0.9879395938779151,739
10,1.1920959176361736,740
100,0.9743696782517076,740
1000,1.07781743613321,740
10,1.918983631264838,741
100,1.0554992917486987,741
1000,1.000968739700953,741
10,0.8190016095321875,742
100,0.8953385913534698,742
1000,1.2640760742132722,742
10,-0.10307705098670558,743
100,0.8703001550305008,743
1000,0.45641132671158596,743
10,1.3748676822610757,744
100,0.6448877829859233,744
1000,0.6988262595189368,744
10,2.7129706083081855,745
100,1.458071662738126,745
1000,1.3301743888093338,745
10,1.8203191506025287,746
100,1.5808081685487385,746
1000,0.7405871632271319,746
10,-0.43703709465582613,747
100,2.2021225361702226,747
1000,0.9047848094817005,747
10,3.904203677951635,748
100,0.8295384439896581,748
1000,0.8083199877109464,748
10,0.9471344712139191,749
100,1.601578728299281,749
1000,1.1472845029225112,749
10,2.001234469156365,750
100,1.3579749626241528,750
1000,1.1366569872744496,750
10,0.7102920086141801,751
100,0.4371982197528953,751
1000,0.7818943220316799,751
10,0.3631016679885173,752
100,0.6959904614140805,752
1000,0.9112151600483073,752
10,0.6988924069927398,753
100,0.34057981875376064,753
1000,1.2334122298499104,753
10,3.88638620614054,754
100,1.2486998848299191,754
1000,1.1979772692466135,754
10,4.437108249805828,755
100,1.012617674744136,755
1000,1.1752386581954877,755
10,1.7640127651226378,756
100,1.1216876994588934,756
1000,0.958244648465424,756
10,0.2936154418133109,757
100,0.5830699000858424,757
1000,0.9291136626541611,757
10,0.46812347763638645,758
100,1.5182489752084274,758
1000,0.847015977428779,758
10,-0.5747860016081207,759
100,0.11152452011379513,759
1000,0.921918673231241,759
10,3.1292388155608624,760
100,1.5296219744972566,760
1000,1.1333343612291653,760
10,0.22914362729884902,761
100,0.9258059396006558,761
1000,1.2460603816720064,761
10,0.38762097666705153,762
100,1.2632880377371207,762
1000,0.9562246011420812,762
10,1.1879728294296676,763
100,0.8119974780986446,763
1000,1.301226677250455,763
10,0.8079175923748481,764
100,0.9005547702361296,764
1000,1.0894001155320938,764
10,-0.7846638047130245,765
100,0.8764284677337105,765
1000,0.6500212081530022,765
10,1.7294189705705023,766
100,1.110376265441434,766
1000,1.0438730546416923,766
10,-1.6054501938491614,767
100,0.7952687313133201,767
1000,0.7787833299512479,767
10,1.2106425120639461,768
100,0.9514598692974499,768
1000,1.4498334978420326,768
10,1.2106924976182214,769
100,0.7458673500331863,769
1000,0.913999278191249,769
10,-0.2016053392740907,770
100,0.2593478703855734,770
1000,1.3488788142159007,770
10,1.7311241781171305,771
100,0.7936940018841993,771
1000,0.900540878167469,771
10,0.5052446473256391,772
100,0.9059739470750318,772
1000,1.171545299338483,772
10,2.265365450521984,773
100,0.2869753636795228,773
1000,1.2160518527901036,773
10,-0.4974918680572204,774
100,1.2967692186756243,774
1000,0.5867528862462875,774
10,1.3233225322280893,775
100,1.0138957966206137,775
1000,1.0334108442685306,775
10,1.709113791721367,776
100,1.0577873988878925,776
1000,0.4573520896356301,776
10,0.010064563447389529,777
100,0.9911018602739425,777
1000,0.9311740696522689,777
10,0.7491412972818157,778
100,1.7146340717975406,778
1000,0.8215667868643165,778
10,2.7070951925047444,779
100,0.6045247880429037,779
1000,0.34603731796316917,779
10,-0.404038980875158,780
100,-0.6274028551980169,780
1000,0.8317840274973938,780
10,-0.6250228479206897,781
100,1.00291332938611,781
1000,0.991949057282413,781
10,1.9025135222332608,782
100,1.379206439012623,782
1000,0.6419321592827559,782
10,1.477915155298483,783
100,0.7659159613538902,783
1000,1.0149551363693576,783
10,0.431282253178968,784
100,0.7317683546457637,784
1000,0.8618577052725397,784
10,2.2936820012421664,785
100,0.6430053451502117,785
1000,0.6459708422833019,785
10,2.0566631372179316,786
100,0.8117712550583714,786
1000,0.9291398562863777,786
10,2.1631717858007855,787
100,1.05736673785256,787
1000,0.7166056767769996,787
10,2.9251146579441523,788
100,0.9119055140960692,788
1000,1.1295008663475672,788
10,-1.1867727512991006,789
100,2.705445077549236,789
1000,1.0962254786690702,789
10,2.0102143207104772,790
100,0.8521020903694764,790
1000,0.9177421798816747,790
10,2.066760908162751,791
100,1.8994808260492138,791
1000,1.0101800338003573,791
10,1.0965771668244102,792
100,1.9414518204092301,792
1000,1.329731572031069,792
10,-0.05650821618542205,793
100,0.46660881757186207,793
1000,0.959233699663039,793
10,0.3994532781302586,794
100,1.3500355152614574,794
1000,1.1658373687318822,794
10,1.109157356721024,795
100,0.5988091269153681,795
1000,0.6622367195113574,795
10,0.8352842885072759,796
100,0.43379597628552874,796
1000,0.9976562311443444,796
10,-11.148725520173228,797
100,1.4318432898697995,797
1000,0.9618779873343491,797
10,0.4063030229402325,798
100,0.628228258581522,798
1000,1.2492878441454585,798
10,3.1873061309334623,799
100,1.6177193413080786,799
1000,1.276887932147391,799
10,-0.6007073751522329,800
100,0.7193796914717311,800
1000,1.1605850973555405,800
10,7.1280440042534465,801
100,0.43696483843069645,801
1000,0.6981951184708491,801
10,1.1872030778718086,802
100,0.621935916153843,802
1000,1.0975218765472434,802
10,2.2457761901531224,803
100,1.0248098237255288,803
1000,1.0843507575821565,803
10,-1.0330148329936508,804
100,1.1558869947409305,804
1000,0.6749501156960239,804
10,-2.966844270402449,805
100,0.13690834923480955,805
1000,0.9255418463152233,805
10,-1.3213196038037731,806
100,1.17444596893906,806
1000,1.025313643649211,806
10,1.6034374687617963,807
100,1.4952049454894079,807
1000,0.9095923580751477,807
10,0.7387997748536395,808
100,-0.3173808116063338,808
1000,0.9771109548368447,808
10,0.3907501420267794,809
100,1.5358870247284813,809
1000,0.7900689547991647,809
10,-1.733236312456531,810
100,1.7059196135918977,810
1000,1.2040686693473428,810
10,0.22401091067656603,811
100,1.3544394557643813,811
1000,0.7928473521174257,811
10,0.9521975288569707,812
100,1.13783923389743,812
1000,1.0313843777295295,812
10,1.4211724902160245,813
100,0.9257677405344663,813
1000,1.091277259864335,813
10,1.2331126411974143,814
100,1.5870647474162969,814
1000,1.3591339959015334,814
10,0.6715934911606576,815
100,1.05631610898057,815
1000,1.0072096492051836,815
10,0.6911237027614587,816
100,1.2288493161702436,816
1000,0.9978803784823231,816
10,0.6798009657554781,817
100,3.032254993704351,817
1000,1.2248563278731464,817
10,0.3976591265804388,818
100,0.826863085879781,818
1000,1.1615649543395958,818
10,-0.09880741743512743,819
100,1.0906124186058597,819
1000,0.8335486999362209,819
10,1.662837276885312,820
100,1.6357834608521868,820
1000,1.425085037607983,820
10,-0.8174649666136431,821
100,1.2629942832235896,821
1000,1.2046945444857906,821
10,1.131712076366735,822
100,0.7366239902974719,822
1000,1.21979949241511,822
10,1.762874299757132,823
100,1.9201617214111308,823
1000,0.7255277121571624,823
10,-0.0053037456100057945,824
100,1.0040351003994314,824
1000,1.2685092634893356,824
10,2.317097614616996,825
100,1.7605912674830775,825
1000,1.272880224900124,825
10,2.3569202367004425,826
100,0.30486828921302594,826
1000,0.840998744503713,826
10,2.2625305268412514,827
100,1.0961094418337154,827
1000,0.755312006112709,827
10,-2.0396035627807465,828
100,2.0804884037184537,828
1000,1.2148042322425248,828
10,-0.5467178092822189,829
100,1.1059482479672387,829
1000,0.9592973909441164,829
10,0.24227002178609058,830
100,0.7373481017685594,830
1000,1.018599589965469,830
10,2.8364121228297527,831
100,1.3086463002736923,831
1000,1.3249357864514564,831
10,-0.44266484601046,832
100,0.352642084747724,832
1000,0.5639011418562738,832
10,0.393685838546314,833
100,1.4834482622790004,833
1000,0.9615538373606136,833
10,1.059348909262094,834
100,-0.2358342138989775,834
1000,0.8580651873891426,834
10,0.34684675907317203,835
100,1.3350299675183188,835
1000,1.0575034130679355,835
10,2.403842742087762,836
100,0.3610430716293794,836
1000,0.8298590473822155,836
10,-2.351072742754491,837
100,0.5393568198798157,837
1000,0.886671384464342,837
10,2.0054325410709217,838
100,0.8578293373604654,838
1000,0.8949698314453987,838
10,0.8114898583767055,839
100,1.0668370725311531,839
1000,0.7851321238145692,839
10,1.5871186487009157,840
100,1.0367757264257205,840
1000,1.0858959701724322,840
10,1.0056891966828632,841
100,1.4987520711932798,841
1000,1.0421226682340432,841
10,2.1938832539070066,842
100,1.5285366594075884,842
1000,1.2016506262731188,842
10,-0.28539390947381854,843
100,0.46313521000500346,843
1000,0.8736904708039038,843
10,-2.4559357644089457,844
100,0.3455492259304012,844
1000,1.1229132736354914,844
10,-1.462584666558066,845
100,1.0018518629803184,845
1000,0.9805889476599646,845
10,-1.9594541189370822,846
100,1.0708939506638426,846
1000,0.985758524999679,846
10,0.19826531297708697,847
100,1.6698839125023972,847
1000,0.9366355919288204,847
10,2.1887734646833947,848
100,0.6700623525183622,848
1000,1.2059095668050404,848
10,1.4762703980096197,849
100,1.7630383837448136,849
1000,1.0849629398596699,849
10,1.2209206135220103,850
100,1.9844224210788606,850
1000,1.2047899044658554,850
10,-0.023337082087936244,851
100,0.8708399462474075,851
1000,1.3344447132334498,851
10,-0.11602283818785596,852
100,0.8145597199116783,852
1000,1.092183709328333,852
10,3.871508773166991,853
100,0.6408429008789027,853
1000,0.7743747245709547,853
10,0.2581473046500238,854
100,0.4104469748786672,854
1000,1.4021943922164304,854
10,1.3316222686533012,855
100,0.13240686156039141,855
1000,0.8840257458626467,855
10,1.3707100077579149,856
100,0.15416961233114432,856
1000,0.7870079496450073,856
10,0.8272973517025578,857
100,1.088306992497826,857
1000,1.05297120245761,857
10,1.1772692096795427,858
100,1.1382955201369236,858
1000,1.041278339727945,858
10,2.0735474928066426,859
100,0.3876758112063519,859
1000,1.0336490720653808,859
10,4.1022131774833355,860
100,1.4907507145967804,860
1000,1.1117440765278603,860
10,1.4596527246244773,861
100,0.6009813790043878,861
1000,1.3828763517191205,861
10,-1.0200441693874704,862
100,0.32985704586573367,862
1000,0.9050918417374726,862
10,0.9854895370880153,863
100,1.505029531075862,863
1000,0.7435859425034378,863
10,2.535497481705985,864
100,1.2553632623124844,864
1000,1.438386475671225,864
10,0.5965235157780306,865
100,1.4475688846101609,865
1000,1.079070834375032,865
10,1.3785008260506553,866
100,1.4943953979506996,866
1000,1.1406760283291708,866
10,2.7582918251711805,867
100,1.4638376866761194,867
1000,1.1733919372858468,867
10,1.448169891228221,868
100,1.2755210107465877,868
1000,0.9871497047101487,868
10,1.4960818504767694,869
100,1.6986652674374596,869
1000,1.0472735873201893,869
10,-0.8166211420762053,870
100,1.4447244062497004,870
1000,0.9550798795096774,870
10,4.37814404740606,871
100,1.3074019657241256,871
1000,1.269902872303023,871
10,1.0571531247441766,872
100,1.7487963256556134,872
1000,1.048517088496528,872
10,-0.43214863774076057,873
100,0.870025923224728,873
1000,0.9193928453719652,873
10,0.3388734384996266,874
100,1.2595268641096484,874
1000,1.1096578349433155,874
10,1.7703366349610266,875
100,1.6325935946734507,875
1000,0.6779629809097488,875
10,2.5983239496201196,876
100,1.2187070360168868,876
1000,0.8874138579258386,876
10,-0.219054561557435,877
100,1.5088376368328897,877
1000,1.0292790245878292,877
10,1.2876814390173004,878
100,0.6648552189794176,878
1000,0.5185621947885289,878
10,1.2010405904826733,879
100,1.1038285422216316,879
1000,0.8766066596514479,879
10,1.2440488899803421,880
100,0.2414537922696017,880
1000,0.682605411367578,880
10,1.0771931507760701,881
100,0.5713158721988391,881
1000,1.0123600906199879,881
10,2.5625320924232087,882
100,1.4524981097608354,882
1000,1.1703672330657444,882
10,0.6211396167170934,883
100,1.1740623583206355,883
1000,0.915699595184275,883
10,-0.0821517616726157,884
100,0.28381535373052674,884
1000,0.8222523515764412,884
10,1.4252361035385896,885
100,0.7597901365616296,885
1000,1.1145521107663867,885
10,1.9458876479768632,886
100,0.5587447322798802,886
1000,0.7596954888609286,886
10,0.5592208262214148,887
100,1.0216617531005763,887
1000,0.979053190779005,887
10,3.5781097211264594,888
100,1.2616042174124549,888
1000,0.7622719219247875,888
10,-0.053834311641570605,889
100,0.2032731793493051,889
1000,1.082324743726363,889
10,1.2899250171145942,890
100,0.004807146063395583,890
1000,1.1601969878322136,890
10,-2.266423475022929,891
100,1.432008217419984,891
1000,0.986473053743831,891
10,1.7353131017715133,892
100,0.3427536772753658,892
1000,1.271503635118166,892
10,4.005380233739657,893
100,0.8444493028416479,893
1000,1.2087273719540552,893
10,2.014624657365047,894
100,0.8501206171896093,894
1000,0.9680251554698606,894
10,-0.2892192719751701,895
100,0.37825784639004867,895
1000,1.2639494081245668,895
10,2.282242564911509,896
100,0.8587273118879546,896
1000,0.596488983849524,896
10,-3.0727025987021657,897
100,0.7661493992342585,897
1000,1.2463078603630762,897
10,1.7565328877634772,898
100,0.44762445303186427,898
1000,0.7771384792643975,898
10,3.807226349511578,899
100,-0.009343434534696231,899
1000,0.9965469421488884,899
10,-0.9939500577287402,900
100,0.5279089850923258,900
1000,1.088584483449932,900
10,1.8961267985841193,901
100,1.1845162885517155,901
1000,1.0176923334003358,901
10,0.47297419666980983,902
100,1.2646221806592464,902
1000,0.9286605048819049,902
10,-0.8157790585904966,903
100,1.036667833436511,903
1000,1.3058380207583893,903
10,2.4105848646582415,904
100,-0.7772982569242661,904
1000,1.0762598046035095,904
10,-0.21722485483108278,905
100,1.0723852828279927,905
1000,1.107166521561776,905
10,2.4925791805858184,906
100,0.3095332805726534,906
1000,1.2070202643904338,906
10,0.7078363660021977,907
100,0.8373703982948111,907
1000,1.4520261264965757,907
10,2.999148841062444,908
100,1.1829540550281352,908
1000,0.8220532963436659,908
10,1.0604817054638223,909
100,0.87687799583369,909
1000,0.9926440997081153,909
10,7.2571018041748,910
100,0.1781315974222435,910
1000,1.002554881785682,910
10,2.5265838271318954,911
100,0.9525498229063907,911
1000,1.095114153559852,911
10,-0.018822885212299603,912
100,0.5643771611034056,912
1000,1.0981226050695325,912
10,0.7010889923817909,913
100,0.6607873134363539,913
1000,0.8349834025160906,913
10,2.757613764061547,914
100,1.2733886591035746,914
1000,1.0619779896322796,914
10,1.0327607792001552,915
100,0.8841261683142615,915
1000,1.098222170176997,915
10,-2.206239433730365,916
100,-0.03928403623281317,916
1000,1.276546597823191,916
10,0.003056662724213201,917
100,0.9755018266411054,917
1000,1.1775289877540926,917
10,0.8803188516128903,918
100,1.417035862307272,918
1000,1.6597160334030008,918
10,2.023886446811301,919
100,0.80401741139506,919
1000,0.8204010688868971,919
10,1.1032853109662357,920
100,1.3543725052157605,920
1000,0.8075677685958552,920
10,2.4566190391705356,921
100,0.8473131818530814,921
1000,0.9408830195528672,921
10,0.6089302336692828,922
100,0.8745679245423696,922
1000,1.0701254029403426,922
10,1.4383609914873214,923
100,0.8662962923913855,923
1000,0.9734460358813274,923
10,1.920608489556021,924
100,1.190290355735487,924
1000,1.0950027012740167,924
10,0.6190069043436904,925
100,0.36884599015456837,925
1000,1.0449336615481613,925
10,0.4353546816892146,926
100,0.3489232147171949,926
1000,1.0290583576669068,926
10,0.028798041737778772,927
100,1.433384546691002,927
1000,0.9232370878347176,927
10,-0.09466427417605539,928
100,0.9167758032776261,928
1000,1.1004369730236907,928
10,1.4370094342566226,929
100,0.8904463796485864,929
1000,0.9204565227699524,929
10,2.051201748538816,930
100,0.40419431336635625,930
1000,1.37046501818881,930
10,1.3014170431581193,931
100,1.0146979543801815,931
1000,0.7153170978685315,931
10,1.4720205654146161,932
100,1.3560808691242856,932
1000,0.9769214981086444,932
10,2.4573890739096833,933
100,1.1984001745056758,933
1000,1.0983321218541242,933
10,0.30173772524383424,934
100,0.2992611000563545,934
1000,0.8534813271581796,934
10,0.7847341862630799,935
100,0.005278923166686456,935
1000,0.7470037396004107,935
10,1.4862320429414582,936
100,2.011680233682181,936
1000,1.0149923337127065,936
10,0.684881217873367,937
100,-0.24331793207875424,937
1000,0.9551485344002751,937
10,0.5905281378480783,938
100,0.762297798045899,938
1000,1.4647970394568095,938
10,1.681218308550636,939
100,-0.08650771345101146,939
1000,0.9317087709017094,939
10,0.9162236688636157,940
100,1.0896946277144506,940
1000,0.5732687651138008,940
10,0.38228784544570793,941
100,1.3423501346798783,941
1000,1.109273847529768,941
10,1.186707074633357,942
100,2.6811140424371644,942
1000,0.884846225246525,942
10,0.9817343273053358,943
100,1.3017538959251498,943
1000,1.0266608214704094,943
10,2.0822143907211066,944
100,1.1030401209723275,944
1000,0.9485207840940253,944
10,0.8101834454431245,945
100,0.10456291027485735,945
1000,0.9829752238715296,945
10,2.2126989550264753,946
100,1.8823044367646609,946
1000,0.9660742502903115,946
10,1.1417488225060861,947
100,0.1899402214999919,947
1000,0.9690788337658728,947
10,0.9007963438539839,948
100,0.7159461177730256,948
1000,0.9164517633292106,948
10,1.1696473478931761,949
100,1.3999304640555699,949
1000,1.2228911182005346,949
10,0.3370984012432802,950
100,0.6054952706363681,950
1000,1.4337403245051803,950
10,1.36922049193206,951
100,1.2879232353951597,951
1000,1.139167802158089,951
10,1.968361065972199,952
100,1.1639609201030594,952
1000,1.4590711626347814,952
10,1.064843743928675,953
100,1.3341006359185879,953
1000,0.9623331580478941,953
10,0.4380753097823732,954
100,0.6245971159937268,954
1000,0.9577416745308203,954
10,1.2189713308212122,955
100,0.17333365228421538,955
1000,0.8673710176973287,955
10,0.5213042399017045,956
100,1.1061724711864591,956
1000,0.9608355719149109,956
10,0.536801392694034,957
100,0.21830542404715703,957
1000,0.9619741864110994,957
10,0.32585576388972187,958
100,1.5456177295517706,958
1000,1.3605177314827936,958
10,0.9189556798082071,959
100,0.8391981122715333,959
1000,0.7435307317235924,959
10,-9.208362736384567,960
100,1.356274527224975,960
1000,0.9941709031319997,960
10,1.4597079641691773,961
100,1.3964083240889522,961
1000,1.1728948130715955,961
10,1.5552785455838722,962
100,0.8597899711929621,962
1000,1.1372487422312598,962
10,-0.3239687628184041,963
100,0.7925910663850217,963
1000,1.4040763492713988,963
10,0.7787758227478848,964
100,1.380043434711969,964
1000,0.8982487442376864,964
10,0.08469792901333138,965
100,1.0764135349247435,965
1000,0.560496750173975,965
10,1.8216651158395556,966
100,0.6513466270194999,966
1000,0.584375966494676,966
10,1.3106189816424978,967
100,1.1767888453116322,967
1000,0.6861330180527326,967
10,1.7617843932820905,968
100,1.1609995311595127,968
1000,0.9980218774864972,968
10,0.9311474988699162,969
100,0.8398106501514069,969
1000,0.7816507328445418,969
10,1.6187905441701047,970
100,1.2285845796112775,970
1000,1.2300904758424611,970
10,0.5586590174462569,971
100,0.5043648322646863,971
1000,0.8536419479277731,971
10,1.1531280921092728,972
100,1.0114753464263322,972
1000,1.06935446411178,972
10,4.29069659985483,973
100,1.9552577873739672,973
1000,0.7816398305921838,973
10,2.036175105986072,974
100,1.7211236374373713,974
1000,1.1657551435988727,974
10,-1.3329842750337249,975
100,1.4288198336438622,975
1000,1.1261774746674988,975
10,-5.554975067070856,976
100,1.5456114994703591,976
1000,1.1247620772138769,976
10,0.40338839673084487,977
100,-0.0615433284454438,977
1000,1.1954087089278636,977
10,1.0196734802476675,978
100,0.7876112926528507,978
1000,0.9497825596731453,978
10,0.8637239790346661,979
100,0.8594231549477626,979
1000,0.7757460201880639,979
10,1.602721950421231,980
100,1.4914214410315172,980
1000,0.7951151072180199,980
10,1.2463613702834944,981
100,0.18618083263703958,981
1000,1.08538271041978,981
10,-0.34198688002970684,982
100,0.8315731325404182,982
1000,0.9059904672796981,982
10,13.219982173259243,983
100,1.5621582805372223,983
1000,1.112269185280176,983
10,-2.180368911132856,984
100,1.097427783486935,984
1000,0.8863633422085588,984
10,1.4941775190966722,985
100,0.8401531551089979,985
1000,1.2177277967466098,985
10,1.2223047671738139,986
100,0.8381019081778772,986
1000,0.9578671232441993,986
10,0.39051762173246535,987
100,0.5677853856932829,987
1000,1.1780671669887506,987
10,-0.23217162561355129,988
100,0.9296687800408411,988
1000,0.8184615497584832,988
10,-1.9133759649346187,989
100,1.7935428246691945,989
1000,0.9936587452155399,989
10,1.1255287370093594,990
100,1.689160116340202,990
1000,0.7975116978911154,990
10,2.1040709808803713,991
100,0.33243154022389104,991
1000,0.9180645826837752,991
10,2.194045887502493,992
100,0.2169324968029672,992
1000,0.8780685211520902,992
10,-0.5007746322703102,993
100,0.6781627861516644,993
1000,0.7175299708455868,993
10,2.09181451905743,994
100,1.182282208918225,994
1000,1.004718260347277,994
10,6.5691054963472615,995
100,-0.32138769491324937,995
1000,1.0573616015782565,995
10,0.33773961063730035,996
100,1.550615745385076,996
1000,1.0359899635782404,996
10,1.3626600800898152,997
100,0.8053513950149878,997
1000,0.7365686776771011,997
10,1.018145976592982,998
100,2.3440747560026045,998
1000,0.8591777520978108,998
10,0.9177969116402961,999
100,0.3754409118840374,999
1000,1.107307649355314,999
10,0.3592928029339857,1000
100,1.202177130090914,1000
1000,0.6704746649695136,1000
